NomeAssociado,NomeLoja,Venda Anterior,Venda Atual,Var% Venda,Qtde Itens Anterior,Qtde Itens Atual,Var% Qtd,Mrkd Anterior,Mrkd Atual,Dif Mrkd p.p,Qtde Cupom Ant Frac,Qtde Cupom Atu Frac,Var% Qtde Cupom,Ticket Méd. Ant.,Ticket Méd. Atu,Var% Tkt Méd
ALVORADA,AGUA MINERAL,111889,112927,"0,93 %",14156,15974,"12,85 %","29,16 %","24,69 %","-4,47","1412,90","1293,91","-8,42 %","79,19","87,28","10,21 %"
ALVORADA,ALVORADA - MANGUEIRIN R.BONITO,92000,123416,"34,15 %",13979,16711,"19,54 %","26,74 %","27,00 %","0,25","1101,86","1329,58","20,67 %","83,49","92,82","11,17 %"
ALVORADA,ARARUAMA 1,133264,178434,"33,90 %",17247,23929,"38,75 %","29,42 %","24,60 %","-4,81","1602,00","1769,07","10,43 %","83,19","100,86","21,25 %"
ALVORADA,ARARUAMA 2,79244,115175,"45,34 %",9645,15537,"61,09 %","30,38 %","25,52 %","-4,86","1167,00","1383,65","18,56 %","67,90","83,24","22,58 %"
ALVORADA,ARSENAL,118432,132159,"11,59 %",14305,17937,"25,40 %","30,53 %","25,84 %","-4,69","1433,00","1518,98","6,00 %","82,65","87,01","5,27 %"
ALVORADA,BACAXA - SAQUAREMA,170990,207786,"21,52 %",19742,25379,"28,55 %","30,83 %","25,28 %","-5,55","1450,00","1518,00","4,69 %","117,92","136,88","16,08 %"
ALVORADA,BOTAFOGO,145041,155378,"7,13 %",17015,19885,"16,87 %","30,27 %","29,43 %","-0,84","2414,24","2552,42","5,72 %","60,08","60,87","1,33 %"
ALVORADA,BUZIOS,106265,134258,"26,34 %",10837,15543,"43,42 %","31,33 %","25,84 %","-5,49","1195,00","1312,85","9,86 %","88,92","102,26","15,00 %"
ALVORADA,CABO FRIO 1 - SHOP P LAGOS ,81014,101224,"24,95 %",8496,11555,"36,00 %","31,20 %","29,66 %","-1,54","1078,00","1368,99","26,99 %","75,15","73,94","-1,61 %"
ALVORADA,CABO FRIO 2 - S.CRISTOVAO,196659,233997,"18,99 %",20897,27022,"29,31 %","28,78 %","23,89 %","-4,89","1857,86","1949,00","4,91 %","105,85","120,06","13,42 %"
ALVORADA,CABO FRIO 3 - JD ESPERANCA,166031,230215,"38,66 %",19706,30546,"55,01 %","26,52 %","22,86 %","-3,66","2060,00","2436,00","18,25 %","80,60","94,51","17,26 %"
ALVORADA,CASIMIRO DE ABREU,130544,185139,"41,82 %",14174,21414,"51,08 %","27,87 %","23,06 %","-4,81","1273,10","1215,65","-4,51 %","102,54","152,30","48,52 %"
ALVORADA,CD MATRIZ,2495,,"-100,00 %",100,,"-100,00 %","19,10 %",,"-19,10","1,00",,"-100,00 %","2494,67",,"-100,00 %"
ALVORADA,COLUBANDE,325033,266877,"-17,89 %",37220,26660,"-28,37 %","2,06 %","22,00 %","19,94","1289,94","1353,00","4,89 %","251,98","197,25","-21,72 %"
ALVORADA,COPACABANA,220021,240366,"9,25 %",26051,30354,"16,52 %","29,64 %","25,24 %","-4,40","3162,03","3075,42","-2,74 %","69,58","78,16","12,32 %"
ALVORADA,IGUABA GRANDE,234130,318464,"36,02 %",26311,38680,"47,01 %","31,01 %","25,26 %","-5,75","2081,83","2242,98","7,74 %","112,46","141,98","26,25 %"
ALVORADA,INOA,242343,320309,"32,17 %",26286,38512,"46,51 %","30,21 %","25,57 %","-4,64","2806,94","3090,93","10,12 %","86,34","103,63","20,03 %"
ALVORADA,ITABORAI - CENTRO ,103423,134220,"29,78 %",12889,17129,"32,90 %","28,92 %","27,17 %","-1,75","1314,99","1302,00","-0,99 %","78,65","103,09","31,07 %"
ALVORADA,ITABORAI 1,147487,204935,"38,95 %",19014,28770,"51,31 %","29,80 %","23,41 %","-6,39","2436,88","2580,00","5,87 %","60,52","79,43","31,24 %"
ALVORADA,JARDIM CATARINA,67427,61376,"-8,97 %",8942,8950,"0,09 %","29,18 %","23,69 %","-5,49","1169,80","1016,89","-13,07 %","57,64","60,36","4,71 %"
ALVORADA,JD ESPERANCA - ATACADO,1391965,7264080,"421,86 %",67899,688862,"914,54 %","-7,35 %","-5,63 %","1,72","31,00","56,00","80,65 %","44902,08","129715,72","188,89 %"
ALVORADA,MACAE,206995,211206,"2,03 %",21644,23663,"9,33 %","28,00 %","26,01 %","-1,99","2474,00","2281,45","-7,78 %","83,67","92,58","10,65 %"
ALVORADA,MACAE 2 - GLÓRIA,221758,160250,"-27,74 %",22628,16149,"-28,63 %","30,89 %","27,44 %","-3,44","1073,49","954,50","-11,08 %","206,58","167,89","-18,73 %"
ALVORADA,MAGE 1,77682,84978,"9,39 %",11108,12875,"15,90 %","28,56 %","23,21 %","-5,35","1284,97","1222,00","-4,90 %","60,45","69,54","15,03 %"
ALVORADA,MAGE 2,191132,252630,"32,18 %",25225,36432,"44,43 %","27,81 %","23,43 %","-4,38","1750,00","1879,00","7,37 %","109,22","134,45","23,10 %"
ALVORADA,MARACANA,115226,127550,"10,70 %",14686,17382,"18,36 %","30,18 %","26,52 %","-3,66","1512,94","1565,00","3,44 %","76,16","81,50","7,01 %"
ALVORADA,MARICÁ,77291,61584,"-20,32 %",8162,7155,"-12,33 %","29,70 %","27,70 %","-1,99","982,94","842,00","-14,34 %","78,63","73,14","-6,99 %"
ALVORADA,MARICA - CORDEIRINHO,122600,165584,"35,06 %",13481,18482,"37,09 %","30,40 %","27,75 %","-2,65","1133,96","1435,88","26,63 %","108,12","115,32","6,66 %"
ALVORADA,NOVA CIDADE,100649,104099,"3,43 %",13654,15028,"10,06 %","29,53 %","26,23 %","-3,30","1790,00","1733,00","-3,18 %","56,23","60,07","6,83 %"
ALVORADA,RIO BONITO 2,98149,133608,"36,13 %",13005,19082,"46,73 %","26,81 %","26,46 %","-0,35","1334,76","1644,11","23,18 %","73,53","81,26","10,51 %"
ALVORADA,RIO DO OURO,89992,96347,"7,06 %",11968,13769,"15,05 %","29,07 %","26,82 %","-2,25","1402,88","1565,95","11,62 %","64,15","61,53","-4,09 %"
ALVORADA,SAO PEDRO DA ALDEIA,158985,189463,"19,17 %",17606,23936,"35,95 %","27,86 %","22,60 %","-5,26","1984,87","2074,99","4,54 %","80,10","91,31","13,99 %"
ALVORADA,TAMOIOS UNAMAR,231595,290030,"25,23 %",24982,31747,"27,08 %","28,01 %","26,57 %","-1,44","1446,97","1840,05","27,17 %","160,06","157,62","-1,52 %"
ALVORADA,TANGUA,80821,111724,"38,24 %",11469,12773,"11,37 %","29,65 %","26,63 %","-3,02","1412,66","1539,90","9,01 %","57,21","72,55","26,81 %"
ALVORADA,TRINDADE,76278,79866,"4,70 %",11018,12115,"9,95 %","27,11 %","26,73 %","-0,39","1390,00","1329,98","-4,32 %","54,88","60,05","9,43 %"
BARRA OESTE,BARRA OESTE - ABELARDO BUENO,242518,234056,"-3,49 %",26720,25565,"-4,32 %","28,72 %","31,05 %","2,33","2186,68","2228,63","1,92 %","110,91","105,02","-5,31 %"
BARRA OESTE,BARRA OESTE - AV. DAS AMERICAS,339368,331119,"-2,43 %",32695,31245,"-4,44 %","31,53 %","32,53 %","1,00","2569,64","2541,68","-1,09 %","132,07","130,28","-1,36 %"
BARRA OESTE,BARRA OESTE - CAMPO GRANDE,168992,167308,"-1,00 %",21642,21796,"0,71 %","28,12 %","30,23 %","2,11","2154,34","2106,79","-2,21 %","78,44","79,41","1,24 %"
BARRA OESTE,BARRA OESTE - GARDENIA AZUL,164202,155119,"-5,53 %",22816,20524,"-10,05 %","27,33 %","32,18 %","4,85","3117,00","3030,50","-2,78 %","52,68","51,19","-2,83 %"
BARRA OESTE,BARRA OESTE - GUARATIBA,181478,191166,"5,34 %",22706,25227,"11,10 %","26,95 %","29,17 %","2,22","2123,37","2188,52","3,07 %","85,47","87,35","2,20 %"
BARRA OESTE,BARRA OESTE - PEDRA GUARATIBA,282854,257287,"-9,04 %",36827,34231,"-7,05 %","27,39 %","29,75 %","2,35","2802,65","2986,76","6,57 %","100,92","86,14","-14,65 %"
BARRA OESTE,BARRA OESTE - RECREIO I,246690,252104,"2,19 %",26994,26877,"-0,43 %","29,54 %","32,01 %","2,47","2423,29","2484,17","2,51 %","101,80","101,48","-0,31 %"
BARRA OESTE,BARRA OESTE - RECREIO II,147615,150346,"1,85 %",21360,20066,"-6,06 %","27,22 %","30,18 %","2,95","2598,28","2536,19","-2,39 %","56,81","59,28","4,34 %"
BARRA OESTE,BARRA OESTE - RIACHUELO,186444,183804,"-1,42 %",23240,23131,"-0,47 %","26,79 %","30,72 %","3,93","3407,01","3370,39","-1,07 %","54,72","54,53","-0,34 %"
BARRA OESTE,BARRA OESTE - TANQUE,253704,260433,"2,65 %",33430,32101,"-3,98 %","26,84 %","32,11 %","5,26","3575,70","3519,56","-1,57 %","70,95","74,00","4,29 %"
BARRA OESTE,BARRA OESTE - VIA PARQUE,159069,180906,"13,73 %",15986,17406,"8,88 %","34,27 %","35,67 %","1,40","2175,89","2315,61","6,42 %","73,11","78,12","6,87 %"
FENIX,FENIX - MERCADO MULTI PENHA,99714,133738,"34,12 %",19260,20796,"7,98 %","29,70 %","31,58 %","1,88","1993,90","2423,96","21,57 %","50,01","55,17","10,33 %"
FENIX,FENIX - NOVA BRASILIA,89636,115342,"28,68 %",14541,19008,"30,72 %","34,47 %","29,74 %","-4,73","2497,00","2800,00","12,13 %","35,90","41,19","14,75 %"
FENIX,FENIX - VL DA PENHA QUITUNGO,121098,138376,"14,27 %",20053,23138,"15,38 %","30,68 %","12,30 %","-18,39","2166,00","2182,00","0,74 %","55,91","63,42","13,43 %"
FLORESTA,ATERRADO - V.REDONDA,156890,208826,"33,10 %",18005,27209,"51,12 %","26,95 %","25,22 %","-1,73","1786,00","1853,96","3,81 %","87,84","112,64","28,22 %"
FLORESTA,CD - FLORESTA,8565,6179,"-27,85 %",1485,1165,"-21,55 %","23,74 %","20,59 %","-3,15","8,56","3,76","-56,07 %","1000,29","1642,59","64,21 %"
FLORESTA,CENTRO - B.MANSA,110462,130196,"17,87 %",14760,19894,"34,78 %","25,21 %","23,76 %","-1,44","1800,00","1886,00","4,78 %","61,37","69,03","12,49 %"
FLORESTA,CENTRO - RESENDE,81841,96272,"17,63 %",10801,13377,"23,86 %","29,25 %","24,52 %","-4,74","1349,00","1375,00","1,93 %","60,67","70,02","15,41 %"
FLORESTA,CENTRO - V.REDONDA,61508,79911,"29,92 %",7999,11689,"46,14 %","29,23 %","25,38 %","-3,86","1263,00","1430,00","13,22 %","48,70","55,88","14,75 %"
FLORESTA,CENTRO - VALENCA,57320,84633,"47,65 %",7880,13509,"71,43 %","25,04 %","21,46 %","-3,59","1096,00","1253,93","14,41 %","52,30","67,49","29,05 %"
FLORESTA,RETIRO - V.REDONDA,92922,102689,"10,51 %",12340,14731,"19,38 %","27,26 %","22,39 %","-4,87","1161,00","1158,00","-0,26 %","80,04","88,68","10,80 %"
FLORESTA,ROLAMAO - PINHEIRAL,52507,69861,"33,05 %",6333,10073,"59,06 %","26,84 %","23,63 %","-3,21","621,00","675,00","8,70 %","84,55","103,50","22,41 %"
FLORESTA,S CECILIA - V.REDONDA,82588,86110,"4,26 %",9835,11544,"17,38 %","27,28 %","25,39 %","-1,89","1089,00","1087,00","-0,18 %","75,84","79,22","4,46 %"
FLORESTA,SAO LUCAS - V.REDONDA,27758,32766,"18,04 %",3732,5168,"38,46 %","24,60 %","11,75 %","-12,86","590,00","681,00","15,42 %","47,05","48,12","2,27 %"
FLORESTA,SAVIO GAMA - V.REDOND,179906,197446,"9,75 %",23930,29494,"23,25 %","29,32 %","23,51 %","-5,81","2318,00","2058,00","-11,22 %","77,61","95,94","23,62 %"
GMAP,ALCANTARA,271600,323807,"19,22 %",35872,43989,"22,63 %","29,04 %","29,57 %","0,54","4881,94","5163,00","5,76 %","55,63","62,72","12,73 %"
GMAP,BANDEIRANTES S.GONCALO,166787,181623,"8,90 %",21603,23589,"9,19 %","29,79 %","29,34 %","-0,45","1985,88","2192,00","10,38 %","83,99","82,86","-1,34 %"
GMAP,BANGU,203961,201987,"-0,97 %",24227,25714,"6,14 %","29,94 %","30,02 %","0,08","3129,96","3204,00","2,37 %","65,16","63,04","-3,26 %"
GMAP,CD - CARGA SECA/FRIGORIFICO,151335,,"-100,00 %",5218,,"-100,00 %","-1,81 %",,"1,81","1,00",,"-100,00 %","151335,05",,"-100,00 %"
GMAP,CENTRO MARICA,498611,570397,"14,40 %",55421,62102,"12,05 %","30,59 %","30,13 %","-0,46","3630,48","4152,00","14,36 %","137,34","137,38","0,03 %"
GMAP,COELHO NETO,197214,229563,"16,40 %",26388,30350,"15,02 %","27,80 %","29,71 %","1,92","2360,92","2301,00","-2,54 %","83,53","99,77","19,43 %"
GMAP,DUQUE DE CAXIAS,238172,219584,"-7,80 %",32232,28902,"-10,33 %","26,19 %","29,17 %","2,98","3378,40","3014,00","-10,79 %","70,50","72,85","3,34 %"
GMAP,MANILHA,181966,,"-100,00 %",23626,,"-100,00 %","28,71 %",,"-28,71","2125,87",,"-100,00 %","85,60",,"-100,00 %"
GMAP,NOVA FRIBURGO,272004,404288,"48,63 %",29875,45811,"53,34 %","28,80 %","29,60 %","0,80","3377,05","3903,00","15,57 %","80,54","103,58","28,60 %"
GMAP,PACHECO,271906,327122,"20,31 %",36528,45170,"23,66 %","29,37 %","29,18 %","-0,20","2762,92","2897,00","4,85 %","98,41","112,92","14,74 %"
GMAP,PAVUNA,363519,400215,"10,09 %",49945,54582,"9,28 %","30,34 %","30,09 %","-0,25","4918,35","5120,00","4,10 %","73,91","78,17","5,76 %"
GMAP,PAVUNA 3,196115,198725,"1,33 %",27146,27143,"-0,01 %","29,48 %","29,86 %","0,38","2426,86","2415,00","-0,49 %","80,81","82,29","1,83 %"
GMAP,PETROPOLIS,289936,337066,"16,26 %",34600,39855,"15,19 %","27,74 %","28,68 %","0,94","4117,61","4534,00","10,11 %","70,41","74,34","5,58 %"
GMAP,QUITANDINHA PETROPOLIS,135476,166956,"23,24 %",14752,20078,"36,11 %","27,54 %","25,93 %","-1,61","1324,76","1414,00","6,74 %","102,26","118,07","15,46 %"
GMAP,REALENGO,140155,143747,"2,56 %",16953,18390,"8,48 %","27,73 %","29,06 %","1,33","1631,76","1776,00","8,84 %","85,89","80,94","-5,77 %"
GMAP,SANTO CRISTO,247099,285655,"15,60 %",31152,37041,"18,91 %","30,70 %","30,48 %","-0,22","2806,35","3146,00","12,10 %","88,05","90,80","3,12 %"
GMAP,SAO JOAO DE MERITI,161270,173805,"7,77 %",18329,20960,"14,36 %","29,39 %","28,70 %","-0,69","1985,63","1920,00","-3,31 %","81,22","90,52","11,46 %"
GMAP,SARACURUNA,265302,279559,"5,37 %",36968,40041,"8,31 %","26,84 %","28,55 %","1,71","2875,02","2966,00","3,16 %","92,28","94,25","2,14 %"
GMAP,SENADOR CAMARA,174812,179388,"2,62 %",24494,25234,"3,02 %","28,50 %","28,89 %","0,39","2353,70","2345,00","-0,37 %","74,27","76,50","3,00 %"
GMAP,TANUS BEDRAN,232532,219415,"-5,64 %",24663,23374,"-5,23 %","29,90 %","29,93 %","0,03","4295,22","3924,00","-8,64 %","54,14","55,92","3,29 %"
GMAP,V.DOS TELES S.J.MERITI,253687,267078,"5,28 %",29342,31505,"7,37 %","29,80 %","30,18 %","0,38","2955,32","2967,00","0,40 %","85,84","90,02","4,86 %"
NDP,BIG MARKET 1 - DEODORO,62158,57517,"-7,47 %",8988,8619,"-4,10 %","29,61 %","30,98 %","1,37","1054,88","1107,76","5,01 %","58,92","51,92","-11,88 %"
NDP,BIG MARKET 2 - STA MARGARIDA,64698,83074,"28,40 %",9468,12616,"33,25 %","25,62 %","26,70 %","1,08","988,54","1119,55","13,25 %","65,45","74,20","13,38 %"
NDP,COVELO - PACIENCIA,173479,198828,"14,61 %",25553,31149,"21,90 %","26,24 %","26,40 %","0,16","2602,51","2626,04","0,90 %","66,66","75,71","13,59 %"
NDP,NDP - NILOPOLIS ,147855,164953,"11,56 %",17679,19713,"11,50 %","28,81 %","27,69 %","-1,12","2244,74","2297,57","2,35 %","65,87","71,79","9,00 %"
NDP,NDP - PARQUE ANCHIETA,76364,93125,"21,95 %",11018,12825,"16,40 %","28,33 %","28,89 %","0,55","1442,38","1533,51","6,32 %","52,94","60,73","14,70 %"
NDP,NDP MATRIZ,12471,110114,"782,96 %",1635,11355,"594,50 %","0,21 %","-2,24 %","-2,45","12,00","27,00","125,00 %","1039,25","4078,28","292,42 %"
PADRAO,BARRETO,123247,127753,"3,66 %",15847,17277,"9,02 %","30,52 %","29,50 %","-1,02","1907,00","1845,00","-3,25 %","64,63","69,24","7,14 %"
PADRAO,CD PAVUNA,22006,,"-100,00 %",349,,"-100,00 %","-0,00 %",,"0,00","1,00",,"-100,00 %","22006,47",,"-100,00 %"
PADRAO,ENGENHO DO MATO,95826,124709,"30,14 %",13175,17274,"31,11 %","32,64 %","31,25 %","-1,39","1696,00","1887,00","11,26 %","56,50","66,09","16,97 %"
PADRAO,FONSECA,135997,211419,"55,46 %",19447,30721,"57,97 %","31,29 %","29,58 %","-1,71","2247,00","2956,00","31,55 %","60,52","71,52","18,17 %"
PADRAO,INHAUMA,132582,117213,"-11,59 %",15831,15487,"-2,17 %","29,78 %","29,86 %","0,08","1904,00","1793,00","-5,83 %","69,63","65,37","-6,12 %"
PADRAO,ITAIPU,182041,223228,"22,62 %",21916,26857,"22,54 %","31,45 %","29,59 %","-1,87","1957,00","2075,00","6,03 %","93,02","107,58","15,65 %"
PADRAO,LARGO DA BATALHA,344863,407271,"18,10 %",44938,56689,"26,15 %","30,13 %","28,59 %","-1,54","3272,00","3540,00","8,19 %","105,40","115,05","9,16 %"
PADRAO,LOTE XV,328436,375520,"14,34 %",44577,52179,"17,05 %","29,15 %","26,98 %","-2,18","3751,00","3776,00","0,67 %","87,56","99,45","13,58 %"
PADRAO,MESQUITA,291771,266576,"-8,64 %",40003,36783,"-8,05 %","30,52 %","29,82 %","-0,70","3384,00","2827,00","-16,46 %","86,22","94,30","9,37 %"
PADRAO,NOVA AMERICA,180521,193324,"7,09 %",22540,23393,"3,78 %","32,95 %","32,52 %","-0,44","3465,00","3527,00","1,79 %","52,10","54,81","5,21 %"
PADRAO,NOVA IGUACU,233156,251579,"7,90 %",30619,34023,"11,12 %","30,69 %","30,23 %","-0,46","2495,00","2586,00","3,65 %","93,45","97,29","4,10 %"
PADRAO,PENHA - CURTUME,129247,144254,"11,61 %",16631,18661,"12,21 %","31,24 %","29,95 %","-1,29","1949,00","1971,00","1,13 %","66,31","73,19","10,37 %"
PADRAO,PIRATININGA,235128,269649,"14,68 %",25703,32029,"24,61 %","32,97 %","31,15 %","-1,82","2182,00","2315,00","6,10 %","107,76","116,48","8,09 %"
PADRAO,PORTO NOVO,124647,129187,"3,64 %",16491,18253,"10,68 %","28,13 %","28,04 %","-0,08","1778,00","1713,00","-3,66 %","70,11","75,42","7,57 %"
PADRAO,PORTO VELHO,170037,157777,"-7,21 %",21288,21010,"-1,30 %","25,74 %","27,51 %","1,77","1968,00","1903,00","-3,30 %","86,40","82,91","-4,04 %"
PADRAO,STA CRUZ DA SERRA,95401,90158,"-5,50 %",13429,12769,"-4,92 %","23,42 %","24,60 %","1,17","1430,00","1280,00","-10,49 %","66,71","70,44","5,58 %"
PADRAO,VALVERDE,258129,340943,"32,08 %",33823,47121,"39,32 %","29,91 %","28,81 %","-1,09","2451,00","3022,00","23,30 %","105,32","112,82","7,13 %"
RAMIGOS,ANCHIETA,295966,341131,"15,26 %",37344,44745,"19,82 %","27,05 %","27,37 %","0,32","2583,98","2684,92","3,91 %","114,54","127,05","10,93 %"
RAMIGOS,BANGU,109730,125075,"13,98 %",15044,17146,"13,97 %","26,60 %","26,84 %","0,24","1634,00","1690,95","3,49 %","67,15","73,97","10,15 %"
RAMIGOS,COSMOS,155830,175399,"12,56 %",21473,24529,"14,23 %","27,22 %","27,91 %","0,69","2031,00","2059,00","1,38 %","76,73","85,19","11,03 %"
RAMIGOS,GA - FRAGOSO,108939,123776,"13,62 %",16765,17961,"7,13 %","27,45 %","27,41 %","-0,05","1696,06","1668,00","-1,65 %","64,23","74,21","15,53 %"
RAMIGOS,GA - PIABETA (INHOMIRIM),262128,395718,"50,96 %",36504,52384,"43,50 %","28,22 %","27,56 %","-0,66","2224,86","2658,92","19,51 %","117,82","148,83","26,32 %"
RAMIGOS,JARDIM REDENTOR,237568,280276,"17,98 %",33112,39558,"19,47 %","26,99 %","26,58 %","-0,41","2387,00","2692,00","12,78 %","99,53","104,11","4,61 %"
RAMIGOS,RIGAAS - BENFICA,63648,84059,"32,07 %",9282,12024,"29,53 %","29,68 %","30,30 %","0,61","1201,00","1503,00","25,15 %","53,00","55,93","5,53 %"
RAMIGOS,SEPETIBAO,88803,74318,"-16,31 %",12840,12110,"-5,69 %","28,45 %","30,99 %","2,54","1269,00","1506,00","18,68 %","69,98","49,35","-29,48 %"
TORRE,BARRA DA TIJUCA,330061,368487,"11,64 %",30868,33128,"7,32 %","30,87 %","31,01 %","0,14","1967,74","2198,89","11,75 %","167,74","167,58","-0,09 %"
TORRE,BELFORD ROXO,426140,354244,"-16,87 %",57281,46427,"-18,95 %","22,70 %","26,41 %","3,71","3595,00","3162,00","-12,04 %","118,54","112,03","-5,49 %"
TORRE,CAMPO GRANDE,264231,259627,"-1,74 %",29741,28781,"-3,23 %","28,10 %","29,51 %","1,41","2472,56","2295,91","-7,14 %","106,87","113,08","5,82 %"
TORRE,COELHO DA ROCHA,142321,149490,"5,04 %",25107,22791,"-9,23 %","20,57 %","23,93 %","3,36","2091,00","2106,00","0,72 %","68,06","70,98","4,29 %"
TORRE,DUQUE DE CAXIAS,394010,359806,"-8,68 %",43562,41381,"-5,01 %","23,20 %","23,57 %","0,38","2809,96","2615,99","-6,90 %","140,22","137,54","-1,91 %"
TORRE,FREGUESIA,156085,173329,"11,05 %",17637,18730,"6,20 %","29,93 %","29,85 %","-0,08","2088,58","2038,70","-2,39 %","74,73","85,02","13,76 %"
TORRE,MARACANA,249942,255132,"2,08 %",25773,25224,"-2,13 %","30,26 %","32,25 %","1,99","2482,65","2462,87","-0,80 %","100,68","103,59","2,90 %"
TORRE,MARE,131911,87835,"-33,41 %",17847,13165,"-26,24 %","22,97 %","26,69 %","3,72","1687,00","1516,00","-10,14 %","78,19","57,94","-25,90 %"
TORRE,MARIA DA GRACA,420434,425470,"1,20 %",51731,51781,"0,10 %","25,25 %","25,82 %","0,58","3465,60","3385,91","-2,30 %","121,32","125,66","3,58 %"
TORRE,MERCK,239086,186536,"-21,98 %",32217,23070,"-28,39 %","25,06 %","28,11 %","3,05","3392,00","2792,00","-17,69 %","70,49","66,81","-5,21 %"
TORRE,NOVA IGUACU,308011,339829,"10,33 %",33433,36240,"8,39 %","30,26 %","30,58 %","0,32","3121,83","3323,79","6,47 %","98,66","102,24","3,63 %"
TORRE,NOVA IGUACU CALCADAO,241136,225680,"-6,41 %",31625,28508,"-9,86 %","24,07 %","26,82 %","2,75","3481,76","3131,93","-10,05 %","69,26","72,06","4,04 %"
TORRE,PARK SHOPPING,208897,235618,"12,79 %",25592,27894,"8,99 %","26,48 %","30,09 %","3,61","2665,00","3040,00","14,07 %","78,39","77,51","-1,12 %"
TORRE,PILARES,316883,329538,"3,99 %",41295,41931,"1,54 %","25,12 %","28,02 %","2,90","3673,00","3913,00","6,53 %","86,27","84,22","-2,38 %"
TORRE,PRACA DAS NACOES,244183,235566,"-3,53 %",31370,30265,"-3,52 %","28,26 %","28,38 %","0,11","3658,00","3442,00","-5,90 %","66,75","68,44","2,53 %"
TORRE,PRACA SECA,278031,284648,"2,38 %",36187,38502,"6,40 %","27,05 %","27,59 %","0,54","3968,56","3919,85","-1,23 %","70,06","72,62","3,65 %"
TORRE,RIO DAS PEDRA,492456,415211,"-15,69 %",60646,53267,"-12,17 %","24,54 %","26,61 %","2,07","3882,83","3476,81","-10,46 %","126,83","119,42","-5,84 %"
TORRE,SAO CONRADO 1,482345,412328,"-14,52 %",57130,49500,"-13,36 %","25,95 %","27,45 %","1,50","3304,00","3159,00","-4,39 %","145,99","130,52","-10,59 %"
TORRE,SAO CONRADO 2,273443,265680,"-2,84 %",29833,29816,"-0,06 %","27,42 %","29,14 %","1,73","2557,00","2468,81","-3,45 %","106,94","107,61","0,63 %"
TORRE,TAQUARA,270728,284245,"4,99 %",28589,32283,"12,92 %","28,22 %","28,47 %","0,26","2327,00","2406,95","3,44 %","116,34","118,09","1,51 %"
TORRE,TIJUCA,345073,374024,"8,39 %",39925,42822,"7,26 %","30,11 %","30,58 %","0,47","5082,00","4944,00","-2,72 %","67,90","75,65","11,42 %"
TORRE,VILA DO JOAO,275920,238695,"-13,49 %",34496,32356,"-6,20 %","23,57 %","26,90 %","3,33","3402,00","3247,00","-4,56 %","81,11","73,51","-9,36 %"
